x1,x2,x3,y
-0.2860925819447879,-0.6137140585186924,-0.4080296765597795,1.2980228163586367
1.0,-0.5487506566768812,0.40710913188599007,3.9131066676725137
-0.6285896766113939,0.9093696099764401,-0.41090708813792154,1.3247048546079174
0.3304022789243566,-0.18538161458630031,0.11566154013911367,0.9793398267682452
1.0,0.4102452000361312,-0.5475165801891628,5.2018413755462465
-0.35112672110789434,-0.7836204695252327,1.0,-1.1992788353215174
0.5186092462759242,-0.9848623891275947,0.3901616180018672,0.05508255854976296
0.46667285137806536,-0.07418206808041505,-0.8287382968905184,0.4575495580454967
0.9888119913189661,-0.1701893915520265,-1.0,6.037885856981497
-0.06819168309846857,0.4103332327241256,1.0,2.533437038175328
0.583401331168973,-1.0,-0.4052334980008081,-2.4238409899935913
-0.7469104374116105,-0.8289565176432796,-1.0,-1.6445556135174901
-0.31332520643793393,-1.0,0.5277631166368548,1.5216322358287266
-0.3421561422169668,-1.0,1.0,-5.134480784041096
-1.0,0.10922746133151207,-0.3821715476651999,-2.5142140974249925
0.43307975287896827,0.5306662200989534,0.11002545359848925,1.064456878227502
0.5851728313251126,-1.0,1.0,-7.086631611952942
-0.9046868413425289,1.0,1.0,15.859693580152964
0.9036427006938488,-0.027391695174788344,0.16535557767170572,3.45903163581081
0.05299799252387949,1.0,0.5730915661569009,8.023630236367037
0.001425462858196891,0.23431317306401334,0.46312109183793604,0.24196976301933582
0.5185892491542792,0.25653746174595593,-0.5279689110843067,1.248909278810365
0.8452149299153728,0.10635146146035312,-0.7696209855620573,2.9974819878857666
-0.610459194496608,-0.9296343781682619,-0.12544250325703876,3.9751678290070087
-1.0,0.07353668964451865,0.4987683428562759,-4.211916461606894
-0.5283504946568829,1.0,-0.06035839770419993,5.801682639570625
0.0022456268474848606,-1.0,0.0782386314963186,2.343377454055593
0.24905880387392942,-0.7106288028718855,0.7543409736857176,-0.5788347813785752
-0.22625470954271498,-0.6891037158926909,-1.0,-6.610314561702852
0.0025083286967964025,0.40055927355236265,-1.0,-3.413045252937553
-0.2628828899767357,-0.18138336634530883,1.0,0.2203992495351339
-0.3173392135752606,0.0416194722975769,0.25189150983678865,-0.17248051429127198
0.0831940501228916,0.5223568942338401,0.32128715501673044,0.4503738990848596
0.7248268448295316,0.163631503602242,-1.0,-0.3466315230032362
-0.08301196392275112,-1.0,-1.0,-16.94473998372173
0.9299812843950628,1.0,1.0,21.096893692516854
0.5734931764464448,-0.47182256294041003,0.9970850261431947,-2.6079970960253256
0.31330961377045274,0.5093022897509754,1.0,3.27158478946821
-0.2065136806085479,0.13911751204982692,0.12688134028850828,-0.003022927491639127
1.0,-0.8981467672729182,-0.5621505960851185,-3.320766059200957
1.0,-0.8180496444099932,0.47659680914074176,0.5732491225422303
-1.0,-0.7532595452286635,0.5897734276101849,6.49618923400259
0.15928042071517456,-0.7068574326289925,0.9401785940775507,-2.3425417792339793
1.0,-0.1600781659612116,-0.2658372882661457,4.392892832747606
0.5486942698319544,-0.8062981859148479,-0.9675715769046542,-10.240930617219588
-1.0,-1.0,0.8287115579007687,17.998286496689758
0.6143833050975611,-0.5264225733629364,1.0,-2.753132582151398
0.42278188253095017,0.1286005524473337,1.0,0.37006523690503146
-0.4280110857595505,-0.08214292121858868,-0.08543646245491532,-0.016338725534504217
0.39820391478810735,-0.8438044082743075,0.5643061883069089,0.24046749296709957
0.021085714761174934,-0.3214125576684639,0.5346537815485877,0.2996475767842288
0.37661415378226426,-0.9795988805455906,-0.6698742879578621,-4.017424306488008
-0.13902381726749957,0.23385369046384374,-0.9496533904544198,-1.9324108663544575
-0.48483838526043477,-0.0735716251645564,1.0,1.1011932059415348
-0.3013839790451027,0.14798894484410918,0.13523603194197165,-0.23690046737314185
0.0063079879839951225,-0.9532120219903066,-0.08195487369641952,2.290180018539319
1.0,-0.3476333154541402,-0.16789903286714658,4.162970505142913
1.0,-0.10328705168209251,-0.10255688310444366,4.4120148855058865
0.3534707229517249,-0.29986075694448977,-1.0,-4.35736885861445
0.8037584346510627,0.23664306315460437,-0.8063092756680841,2.4527519894880982
1.0,0.6757472226316872,-0.313418678814571,6.272135272008268
0.06789737777624372,1.0,0.5572950417835221,7.935557125735786
0.7220672436284055,-0.20023081707038548,-0.5560212536199636,1.957604732537535
-0.19556509810555056,-0.6756365720143418,0.49143905112520603,0.7314437784401608
-0.7878086360651986,0.15761582008616748,0.0674703458407584,-2.2003596410481085
0.11630543495419143,-0.01756600172645295,1.0,-0.3718477017243793
0.33058313841397946,0.4918257548262637,-0.36802427402733784,0.863439445067498
-0.6718150893258386,0.09475974234072759,0.1313420721722085,-1.405931640722165
-0.15682480692652145,0.02898546999946494,-0.2898543572961092,0.43011116786827674
0.6232737251845124,0.4962501037481095,0.12527712741943353,1.6346007703677654
-0.5293685412193285,1.0,-0.689695529514992,4.67301536433152
-0.35905622220885314,0.899431586850699,-0.4017745673241777,2.635021170000955
-0.06839365092056382,0.22985394485191324,0.48312379132369254,0.12630143618369027
0.8215475454617671,-0.506948339038132,0.025248459354048958,1.884961997888437
0.5871778579592908,-1.0,0.12011130378724921,-0.459590503398303
-0.5341922444294318,-0.1283588730915759,-0.34806306529331166,0.15908112965311805
0.008901190946300153,1.0,-0.06549939945288585,8.264169797220145
-1.0,0.7049386950887646,0.01862102621704942,-0.8882512328994334
0.2275876870197946,-0.23808778271455444,0.5497819094507586,0.42858582863814165
-1.0,-0.36742725415600486,1.0,6.6034070326150065
-0.07909858799896252,-0.528336746544829,0.1111806968138036,0.8926785785507512
-1.0,-0.6332728577250832,0.5818613169265439,3.6906917046044203
-0.43719371269518104,1.0,-0.21800284721171814,6.675422173581163
0.0685876354841044,-1.0,0.7913331225799205,-2.0972538479468863
-0.4826966506119257,-0.1419463379528545,-0.27699327326371503,0.1995641328896698
-1.0,-1.0,1.0,21.608705497664992
-1.0,-0.19614536463770804,-0.21516808076602612,-3.0593582600605886
-0.055487111450173376,-0.7612565242589242,0.37437721184707407,0.970384499773508
-0.0698536219871011,-1.0,-1.0,-17.034599891316507
0.8946232135010044,-0.02044187729722835,0.18277184938523305,3.392138604205642
-0.46754764885089783,-0.05160482797500521,0.7559591920835294,-0.1043658664703182
-1.0,0.3937266143927205,0.5819554871855566,-4.824996159358255
-0.36076039100372803,0.9310784966933714,-0.2667486455587178,3.8051483688656074
0.7078483530361017,-0.3706328508269867,0.7152318926480543,1.3481994392275483
0.2912571229032441,0.6345354133130279,1.0,4.520478777638619
0.19888086862574217,0.2532169258695729,0.05223084168246084,0.6933920917993568
-0.75368707864345,-0.12218159633114589,0.7994131473082091,0.16097658833144068
0.16580402963392848,-1.0,-0.1013637968810277,1.8412857669645193
-0.30996565896180694,-0.8067926500738731,-0.31573927647275823,2.042193113440628
0.281281653441394,1.0,-1.0,5.354146949833908
0.43890354785393737,-1.0,0.22562615468906055,0.6285700082433086
-0.05721680977463506,1.0,-1.0,3.4351002186006347
0.3407035581503288,0.4227451536934985,0.9674858715985624,2.2854374289900243
1.0,-0.483996500854174,-0.28828646458491325,4.141392003516049
0.5488515653687032,0.45643021483513,-1.0,-2.1882989185310215
-0.1936329206029639,-1.0,0.9256676848342629,-4.096524917262821
0.25384679683597433,-1.0,-0.8088427873813151,-8.393283157873565
-1.0,0.11978546414633784,-0.9353992650494765,8.759421381325511
-0.207909171919205,0.8615982897608225,-0.47273310328481966,2.325209043633839
-1.0,1.0,-0.2900248367767415,10.750123350657478
-0.03766032664915375,-0.3362786005097098,-0.8880442679603497,-1.317113423808164
0.28078779276996846,-0.31638038949114056,0.17937254894274512,0.8598649283731794
-0.4583868369874453,-1.0,1.0,-3.8486612984024173
1.0,-0.041528270808961265,-0.016230959528280353,4.623099772146875
0.11231707177815675,1.0,-0.28527604312919985,9.274993443348546
-0.22865170733191942,0.39087869598847247,0.13329724272829702,-0.2866213680979177
0.9466973267516221,-0.12205484004623335,-1.0,4.265812949374151
-0.745893891075982,0.795923358672374,0.011119432837668475,-1.2902190104480433
0.7414800984980872,-1.0,-0.4898578130593245,-5.627841595667679
-0.5931244475460589,-0.31006811291320613,0.25378165437194533,0.08072856857284005
-0.8131545536710398,1.0,-0.7702333574430087,4.051857879078648
-1.0,-0.2951152496709557,0.7271707768426747,0.10356161839883882
0.12807476911218618,0.6227860411149206,-0.9312465119105156,-1.9442258495790883
1.0,0.9219007194504816,-0.02138067203693872,11.334661776170153
0.9041904861400085,0.988792372141253,-0.06523027862958841,10.827738201758683
-0.595963207109421,-0.9780272479749723,-0.554087027915946,1.9486090475350837
-0.39185070155584323,-0.7769716045814596,0.9640478028964361,-0.47773279808514246
1.0,-1.0,0.21376462594971835,-7.553696787759094
-0.32633250419706417,0.23653523024158774,-0.7794256332234313,-0.5097230252272382
1.0,-0.5164012104485787,-0.6956269181938812,5.27143509282945
-0.24616716620173862,1.0,-0.08753838469059505,7.597463584244476
-1.0,-0.9467013842799135,-1.0,2.8888972556097046
-0.7310254075720062,0.22966806060543155,-0.198917902687461,-1.6559820525192972
0.6505254533374771,-1.0,-1.0,-24.685927892569577
0.5237436869471179,0.723411837880495,-0.45374888284917225,1.7525544109148066
1.0,0.6199895541661538,1.0,24.852908599271256
-1.0,0.8387358522765804,-0.4976834444757292,5.805353557997539
0.9055687165730035,-0.6319143223113104,-0.19414716365169338,2.0684135270897546
-0.08105889334934968,-0.8918819486920764,0.18756257710433188,1.9295782982102596
-0.5510668810998156,-0.24325533064537397,-0.761652663105949,0.5749025002375268
-0.5387755579468314,0.6792499856513072,0.1938699273743716,-1.3287607074387124
0.08048762579141622,-0.576943580871685,-0.07631772437704565,1.13638203217103
1.0,-0.590163693832632,0.0060028346185603265,3.2232532477379428
-1.0,-0.48899110504021914,-0.8316087422350555,1.7654487280897468
-0.22201155609531242,1.0,1.0,14.460028835977683
0.4286724024937205,0.053165598828663674,0.05277462067519023,1.166368029721519
-0.6816370778905108,-1.0,-0.33013855680559967,4.299656314844349
0.21777100624079027,0.4773948508436443,-0.47988927174753515,0.6958258032195956
-0.9190140043074897,0.15841680506072509,0.11200107780478974,-3.3969272690224095
0.492512138401491,-1.0,-0.4125918331998524,-1.5529374563567497
-0.10745783272014231,-0.08944916802999248,-0.3848283447577874,0.6986870364875724
0.6961098414616569,-0.1733657012960803,0.4423642268825083,1.8344255175263173
-0.8481550347607358,0.6654439404542589,-0.6947306274164642,0.026846554639967657
-1.0,-0.2576112572271414,-0.04897676386079852,-3.1009033311674123
-0.8718003440077537,-1.0,-0.6825230566014759,3.2279591184596623
-1.0,0.01269877904268113,-0.7622461326518857,1.8530292696590185
0.9087546085213993,-1.0,0.13352333550560913,-5.645027194196491
-1.0,-1.0,-0.6108128624389069,4.1852211031777085
0.07629773217774893,0.4602139581650113,-0.08233061542830433,0.4292814525341624
0.29818996375122775,1.0,0.2691864731570326,7.299444729454267
-0.10052892906594613,0.37898155489143304,0.3043936740259183,0.026776845421932816
0.011851063477767099,-0.3248199262038103,0.9796099484108833,-1.0165570984350727
-1.0,0.3372655834432121,-0.4308096660238787,-1.2354228766438284
-0.36846885440470256,-0.513967759599556,-0.3741824418690918,1.1822782521745971
-1.0,-1.0,-0.002354698783226361,7.755404185289439
-0.5888003510760695,1.0,-0.8713262284275907,2.251101228829885
0.309134393146828,0.14150259644819352,-0.7116508796452563,0.90333675669964
0.04283763806630447,0.6567527942228939,-0.41732942827644703,0.6663340682066574
0.29570357831004324,0.8058921867381266,-0.7407229705871126,2.259193305210455
-0.14506330383883448,0.7686812343276079,-0.9712341842991894,-3.161179814113236
-0.9160640122910602,0.867980593778926,1.0,11.763344594529828
-0.5849210813163646,-0.23730636505301628,1.0,1.4699922760904967
-0.0601806866026815,-0.030715749595964237,-1.0,-2.903026014721492
0.12152831548180343,-1.0,-0.569925419404693,-1.6671008699822778
0.8109475789347007,0.6198229943566114,-0.6122796297795527,2.2546053648072233
-0.8974563428749989,0.37909777811681233,0.546608813724272,-3.7836504630752206
0.036973251713034117,0.7796898861449726,-1.0,-3.4398799880285402
-0.06516320147351129,-0.8595881295783114,-0.4385866662156688,1.2440560405544647
-1.0,-0.31736437846149146,-0.4248977659798583,-1.8690591641422332
0.7881019072756927,1.0,0.504693029438386,8.286621600735304
0.5288953325917871,0.45402899269280894,-0.44396920349575053,1.0750347725015315
0.541591662623427,1.0,-0.563699921220846,11.395911247967131
0.24632175007993506,-0.47081868938918126,-0.379243035310606,1.185774121184867
0.3553139225876254,-1.0,-0.3996763057700352,-0.44840303953772853
-1.0,0.7535929792616607,-1.0,19.748692307524447
-1.0,-0.6171860645543297,-0.21676360901972225,0.12457800448468204
0.6710857213872896,0.7064543403511356,1.0,9.149649054208558
0.35004090488420214,1.0,-0.1346144575480812,8.769523588611417
1.0,1.0,-0.25060395899693644,16.360692188534003
-0.1236382801264897,0.8509785620376413,-1.0,-2.961482159720302
0.0804922695279735,-0.9796839368186361,0.2824561045305469,1.6222487947877209
-0.43255409411073775,-0.50172797441151,-1.0,-3.1312411363059542
-0.10997173300355234,-0.6785096837567945,0.3469065863392691,0.887497493778161
0.7261388455782478,-1.0,-0.3313323215856674,-3.8828341700615816
-1.0,0.8015255113905035,-1.0,20.077234529310257
0.8459495250047997,1.0,0.4336289461885918,8.999770759715707
-0.006821944756018272,1.0,1.0,12.675341445023392
1.0,0.07854487481703165,-0.21590753271318586,4.532054480762487
0.8694820666244862,-0.3300383550334398,-0.772891752338017,2.7822072997434457
0.6054395653574465,-0.6767139276906249,1.0,-3.5273981864737713
0.35462026635233723,-1.0,-0.17662016504262357,0.8526972285710195
-0.18279094846583543,-1.0,-0.6592877066874601,-2.5673571763800123
-0.4335512141213571,0.6384145870126112,-0.8062754180561416,-2.0046285745452623
0.0773608871326732,-1.0,1.0,-6.995826306947336
0.8853287654549671,-0.14096232626394012,-0.5916485316306197,3.20050037126883
0.8840545422872756,-0.2321850955430662,0.1371208941129518,2.8731197515685967
0.41984039117576,-1.0,0.11952925227992406,0.821232401550644
-0.6612703570341967,-1.0,-0.0720638734615815,4.842801919084813
-0.6695605772567319,0.36933558137889744,-1.0,0.5822839092339893
-0.05735866171520909,0.7194436389885099,0.3119039364143068,0.8668778065259084
-0.28644976555927903,0.10646873467671725,0.7572456920520778,-0.051865106405991845
-0.3501214870677978,0.31751339822954194,1.0,2.300535706620283
0.4024801663397126,-0.1715925687036255,1.0,-1.5405711961027828
0.8700953934776456,1.0,0.1852707415586219,9.63261260972308
-0.5384888041777385,-0.05722866306551322,0.014747215450186424,-0.416393738643992
-1.0,-0.9115548558784412,0.3131460759553357,7.80045480736368
-0.23146790134602413,0.6541849416731653,1.0,5.4498665210449255
-0.07622877044365861,-0.825706266203251,-1.0,-10.010321228756212
0.7189636789628797,1.0,0.37074559763162807,7.503273972086825
-0.22411495213000565,-1.0,0.7162992921047586,-0.45098281249974725
0.46464175139924113,-1.0,-0.8053369292625843,-9.655196826706948
-0.34915182976299564,0.13453532591278194,-0.7109816489488097,-0.10154919738277579
-1.0,-0.11165886546442261,-0.38378973722354526,-2.5941715142428245
-0.6317812100374591,-1.0,-0.8631846328490629,-4.0055543386963635
0.4128210488076922,0.5514833306911926,-0.655794854569564,0.8303650362617288
0.7457439389810303,-1.0,-0.5909629541406531,-7.197050180018321
-0.030703417181927595,-0.38852622165862516,-0.48790097794944254,0.9823722228148206
0.37567196661663504,-0.12845206929597164,0.19755325054327044,1.0064301035080487
-0.1711363959408898,-1.0,-0.0053797553663106346,2.871995274204176
-0.14449187750457626,0.10483966404387046,-0.8887259778428482,-0.8640433609742297
-1.0,0.5434662885480603,0.5007838654053913,-4.742092895894612
-1.0,1.0,-1.0,22.287836245035002
-0.4242426676263491,0.6221222931191013,-0.6972166596676519,-1.490900077639509
0.1350721869099052,0.08690851345485107,-1.0,-2.9274559923277694
-1.0,0.13873913796194204,0.39534095256621016,-4.638407546244421
1.0,0.3726231570377727,-0.14733632512874584,5.248579322996581
-0.1079709469447423,-1.0,-0.5955768600938998,-1.5276904384547678
1.0,0.0535657302146495,1.0,12.96362323787567
-0.49272732675133013,-0.11005776261813627,-0.8119327127097689,0.1914806905671691
-1.0,-0.3908605558573244,1.0,6.93177050007914
1.0,0.4941131919600248,0.2049914213863504,7.560974255419646
-0.7535532941011804,-0.7626912852934233,1.0,4.852335032794687
-0.20507627975837028,-0.624681656646946,-0.3187364030171793,1.3608479016614767
0.7425729955199603,0.7783818249481211,-1.0,2.1271745451800714
0.45063918159997063,0.7095496727919697,-0.34772175241457837,1.5629971801931126
-1.0,0.4973938475295361,0.310084846266357,-4.442325957321489
-1.0,1.0,-0.5999844238514263,12.309099035176253
0.5643797921617075,0.7038226821417102,-1.0,-1.9426986526804289
-0.09525102763788995,-1.0,-0.9378927192055821,-13.011102122944816
-0.2527188243715426,0.5412027843502054,0.06627335589820871,-0.36918424210251066
0.5087415193439648,-0.29731137922956696,0.5226035778536235,0.949030172078011
1.0,0.19555274017785407,-0.9991241112900138,10.065479614656441
1.0,0.2779449299503627,0.2868761577689476,6.922364523868198
-0.49165490004331724,0.20723248607101397,-0.04052989466190704,-0.8232920327337774
1.0,-0.8566584190736517,-0.8231301579927726,-4.171175651475998
0.7755820028640863,-0.7109290939080259,-0.3795205635141503,1.1041486875750108
0.40028707713501177,-0.18707778773677508,-0.044405832699744296,1.166787233238937
0.8266308334843961,0.693696267716106,1.0,14.135660048134913
0.45730552188949236,-0.8474137856729995,0.4736127551500191,0.47061062087228955
0.25216721345067117,1.0,-0.6591597233933588,10.804797598498823
0.79442435404089,-0.7422497775611256,0.9745527363653299,-2.1486137823600115
0.42047948485428654,-1.0,-0.371521288805692,-0.6238305198435863
-0.3189596390753813,0.5670751282454392,-0.611718955458328,-0.8591508182701597
0.9122956921532295,1.0,-0.2716314780669302,13.155750101631707
-0.9362557911158127,1.0,-0.7219120014811558,8.598077841163128
-0.2685132408000288,1.0,-1.0,1.8532441024061144
-0.7191641284081467,0.2875923437492107,0.09337946019727683,-2.1364460334750026
-0.16183317443634126,-0.06869512855445681,0.7077831765558971,0.008464866292229978
0.3924518230462415,0.8355110675572239,0.011672318760863165,2.7423839104736465
0.08909463201679846,-0.44156607210780363,-0.2477287674304336,1.0928490143626781
-0.09796966382622174,0.4419941457894272,0.17333377629342528,0.023588470259741978
0.512450782098308,1.0,0.15128468162677633,7.472727833599644
0.18062071896843657,1.0,0.9095071731728845,10.109141252313478
-0.3573702045760425,0.1837817544182303,-0.2569342936373573,-0.24401120250349706
0.0759350360440203,-1.0,-0.996818263712727,-17.765856637903237
-0.15990694173909503,0.2797448283040398,-0.39448862757973746,0.12504709333857722
-1.0,0.1396197469041185,-0.9581520588417338,10.230837159211422
-0.15832953341740863,0.6622660366909316,-0.17897132819863337,0.18663273098154498
-0.8343596839753757,-0.7893926482388751,0.9048425275992746,6.758551366645391
-0.9249649938419515,0.7506461637802209,1.0,8.944456968991918
0.4358476173083581,-0.2982759274547573,-0.9572231894732199,-2.8422805237291833
0.49217264213129397,0.6536895402839829,1.0,5.7853273853627805
1.0,0.142735479859049,0.19125312708166553,5.813331678313793
1.0,0.06819919909810834,-0.6856393013350528,5.970506661033449
-0.23064787486629634,0.7912873130521643,0.8006259708111412,3.7985674718843985
-0.09650547364947903,-0.7580913593490781,0.7169323361454261,-0.05775790653539037
-1.0,1.0,-1.0,22.287836245035002
-0.9540511965327412,0.29260529785047784,0.3645404756507815,-4.311137256586431
0.3084270137451899,0.07769265219703292,1.0,-0.1353360828331409
0.5154595477046502,1.0,0.09676714279345688,7.680490740446035
-0.5806872360642439,-0.9296457822425221,-1.0,-7.656056472717239
-1.0,1.0,-0.12854126101536356,9.441793474717041
-1.0,-1.0,-1.0,1.9489491974423676
-0.5493932395647552,-1.0,1.0,-2.3554873141919694
-0.06891862712915597,0.6662386563431901,0.5571357972077373,1.0158309417575657
0.7565627000881969,-0.5825605273386103,-0.14938911475185468,1.5152728175221366
-0.9684406362125053,-0.5554549006284957,0.13113126770341044,0.17957769420112202
0.3176951302222746,1.0,1.0,10.388698852121873
-0.3401329205732455,-0.7762903025354135,1.0,-1.2183318717791516
0.27499183187649034,0.2719948282122189,-1.0,-2.875342398471746
0.9772618714289807,0.717068042690737,0.5285585612833286,10.55145594749653
0.06499655605668786,0.4466615766482249,1.0,2.642986974760049
-0.01534551295357467,0.15418525446467535,0.6981282831144799,0.18333165285894015
0.967269154010441,0.3033517344851573,1.0,15.826629210904013
-0.5438468888201609,-0.5869111018343465,0.7893208166364152,1.2072017624435578
1.0,0.040563965078968645,0.056743442054237425,4.987144169594698
1.0,1.0,-0.013022000938593292,14.493648767768793
0.156976895567412,-0.402938477219569,-0.8901505695842773,-1.7316904013616554
-1.0,-0.9930702899876556,-1.0,2.096591775224897
-0.15007852725008952,0.4138492780495493,-0.39983687368965826,-0.01690276186152273
0.10634818834918436,0.06719629527140314,-1.0,-2.9374948919737136
0.7554643348348389,-1.0,-0.2230170216584728,-3.7521052433367625
-0.6232520330351332,0.1841455769519984,-0.11234909725861342,-1.2076400589492486
-0.10993812212268539,-0.7604354906974549,-1.0,-8.396303946943661
-1.0,1.0,0.12349761466275022,6.615452006558407
-0.26853158685437384,-0.8572665821465599,0.7807635437129079,-0.09019489204884934
-1.0,0.6059897244765204,-0.07694616370952212,-1.5439832587772688
1.0,0.5098950262864246,-0.48480726775347405,5.263924276038358
-0.08958684353590685,0.10032285571030664,0.19054738746498678,0.2316954767928754
1.0,-0.4245256053059552,0.5302579913973458,4.879691608646298
0.8996550563574384,1.0,-0.17075096920149568,11.98048471924359
-0.9664744384652009,-0.6367195492404316,-1.0,4.721684578612104
-1.0,1.0,-0.860517338738223,15.872491743047041
-0.055711979360119956,0.6335360035982294,0.22472380180909934,0.35886780063394075
0.10966259064746509,0.4524928134001467,-1.0,-3.4552571352542323
1.0,-0.8746831872479066,0.3468220392981187,-1.2709503136011824
-0.0509017090951287,-1.0,0.3016999931492128,1.8892045351865678
0.5562660086405766,-0.43828215972668194,0.5166376549165443,0.9578127476001665
-0.9222073466953518,0.8252961079791914,-0.36891297541040524,1.7294745539370249
-1.0,-0.2496621082291901,0.6912272781078748,-0.7685019405406095
-0.942910626149944,-0.7548979609317683,-0.5218086089348328,2.496726873335622
-0.057763484522919795,0.8213961357385167,-0.2334547413665331,2.0379280053443987
0.5879868127405035,-0.7672471092862987,-0.08597440882061425,0.9906980070153768
-1.0,0.7271697975214846,1.0,9.065125079236651
1.0,0.6260785325749756,0.10564392563976766,7.638679592541042
0.887764024554466,-0.5156263784578616,0.17747694051582075,2.3284659952299203
-0.40210613224816294,0.06712303147037058,0.8404711539377916,0.06861321058947434
0.4844667620016083,-0.24885312538246462,0.13802799151840883,1.1945138318733068
-0.7262549592394414,0.24354329009202225,-0.7934567407295989,0.19635057100052888
0.2604630649572146,1.0,0.9376471338815342,10.01229596565583
-0.14688261187561125,-0.15095075251117707,-1.0,-2.940766869844781
-0.11065859157732749,-1.0,1.0,-6.535872532497994
0.7570589239350043,-1.0,-0.2772302868843648,-4.077518680531384
-1.0,0.10146918833834673,-0.38224271772321705,-2.528974137837105
0.7667997344414124,0.15397819736805363,-0.5122387231360979,1.9446001117249767
-0.048498331388452165,0.060497865007002716,0.6226970213317584,0.12862618335880294
0.8546919986476771,1.0,0.15885015741681774,9.414190228426781
0.08333960397823792,0.8180720781503097,0.7369809804874681,3.9278874576989566
0.09283144483141159,1.0,-1.0,4.330548861599434
0.5716467204071147,0.7966249362169711,-0.11162581998882337,2.5089604685802716
-1.0,1.0,-0.3927040219283693,11.35433430002116
-0.5532868311963268,0.6390926178752363,1.0,5.873881928751818
0.14595694204458387,-0.2446777781820899,0.33673473347075333,0.589120229311183
-1.0,0.16853482554723276,-0.6384766758719926,0.2759504771560497
0.021470926868061735,-0.06670762064688596,0.12149332459084805,0.5482718311850603
0.1590074492464142,0.21367744321683735,0.731576163475882,0.44367193075346245
0.40037220889630953,1.0,-0.36513389897259474,10.026150387069668
-0.011008129822174029,-0.7120401574971111,1.0,-2.638444154386498
0.9031354577054318,-0.9676548685751154,0.05357126433532167,-4.223046087013837
-0.3842999107685705,-0.05400840639107041,0.07815464954282048,-0.09172178429045097
0.9954404290698811,-0.5459494695779217,0.2964772870528607,3.618563062906713
-0.13286375519159743,0.5310691708997506,0.01396173362399411,-0.026828429981366586
-0.6646437771538038,-0.9171594215741259,-0.3743583603230065,3.657705256964223
-0.5805539477011004,-0.44366245700707396,-0.1304710412139285,0.8606277351419453
-1.0,-0.7978380656638124,-0.18101903706488098,2.898407362235406
-0.5093199213003854,0.4249029884831228,-0.8890755751221697,-1.5300683892562335
0.49389441333502027,-0.8984306301261977,-0.08426047251519009,0.8994526670958505
-0.7121923405830892,1.0,0.9841379732954456,14.80445663534982
-0.7166697134969195,-1.0,-0.07425542643896188,5.240160735691456
-1.0,1.0,-0.7046426019614171,13.069469032116569
0.7576540465013661,1.0,-0.6452284960268875,13.881597603976052
0.882377164865128,-0.37165417118458866,-0.3061849730958175,2.6999604823903094
-0.6246198585545246,0.747477480620363,0.5235044927034145,-1.1091372227249647
-0.6699621305281751,-0.5260600458899343,1.0,2.6555069239895506
0.9220013617622163,-1.0,-1.0,-29.12099830843158
0.8000338975335841,-0.08630817777814137,0.5530609327796014,2.7616386351201125
0.934932817211805,-1.0,0.4669545158144526,-5.547260708657911
-0.019971535753865455,-0.39140438231933716,0.06651327783683447,0.7765829058612834
-0.9899318738129181,-1.0,0.966999085963151,19.91144791414823
-1.0,-1.0,0.8856573702156043,19.161577034477055
0.13895985625051477,0.03348982794586486,0.5990393263329195,0.3385222414361342
1.0,0.733385401983252,0.5095229836122466,11.623132333146668
1.0,0.5365959578169126,0.9871665576010913,22.58399847245306
1.0,1.0,-0.07717205618284173,14.864267477468779
-0.8178927947725718,-1.0,0.48155747598896936,6.954330208549039
0.19276504746583556,-0.6527480739439693,0.7526204047950067,-0.48481582961291547
0.1991072266708407,0.68382480199405,0.005538151563333038,1.0058419438444053
0.49928165708407213,-0.5558429338424644,1.0,-3.196560032952653
-0.48930336310024747,1.0,-0.21618887169849765,6.285986896082452
-0.9875032278338847,1.0,-0.30941141712377696,10.172177596211412
-0.23376406280635287,1.0,1.0,14.546245083318842
1.0,0.02700323184618525,0.019160920308133322,4.852048747978554
0.5179043326794515,0.5661391368303825,0.5923631300525152,2.0019634242122
0.05718391403713263,0.6523072319567091,-0.693734451177419,0.2986762311828759
-1.0,0.29453307988833743,-1.0,14.906560724766365
-0.3555003831529753,1.0,1.0,15.320872934549614
1.0,0.6360784902922456,0.8885116914757616,19.310531938162338
0.5458682021201946,-1.0,-1.0,-22.944923862845197
0.8645853842235549,0.5731641655955755,-0.1513350453016482,2.9976502672307355
0.8524436402266387,-0.9911459864645051,0.7010131349275746,-3.8329646391543086
0.3132314855256153,-0.010612186231979681,1.0,-0.6621087032053454
-0.3464353583714759,0.7043378647226077,-1.0,-4.389942276297621
-0.28902137611249423,1.0,1.0,14.926469337315806
-0.6686466837066072,0.24810315217260404,0.6947233991301729,-1.258832177109146
0.07629207793836135,-0.6165340002009203,0.8882059471610104,-1.2468495071115764
0.8267933785357378,-0.49230234218771796,-0.13593319409592475,1.9911168792669502
-0.4193730146556829,0.7727873662021936,-1.0,-4.273964881977584
1.0,-1.0,1.0,-9.736506048766433
-1.0,-0.6864155468772468,-1.0,4.854227016094307
-0.8517917063772149,0.5482258618235902,0.16331788483733534,-3.2414600000523954
0.5405313258500255,-1.0,-0.33286737192289406,-1.3722706564627023
-0.02463992090763889,0.7175102602046932,0.2742943686347994,0.8794697572675554
1.0,1.0,0.1963807871354999,13.810671227049912
-0.07595582765883324,-0.3642357225611472,-0.0029226074563160065,0.7814988802590546
-0.9743216179947392,-0.3914263454546847,0.5025847977606814,-0.4277202477619886
1.0,1.0,-1.0,38.59285430314566
0.11838055385053692,1.0,-1.0,4.4685890643425825
0.5753359883524147,0.8059957155949711,-0.928507276578304,1.2549460695250643
0.18518696766059795,-0.009650358535144843,-0.3842537751070654,1.009325498284168
-1.0,-0.9877809810391884,-0.567801551690962,4.403361771843795
1.0,-0.5723960692467176,-1.0,0.7641787752201568
0.35186647748107625,-0.6142489284659312,0.6987646826261091,-0.0999911754809979
0.8812824445183562,-0.6647003732256622,-0.6201852269240511,1.7347512015162292
-0.4171842124219667,0.6940887445727264,-1.0,-4.214718018876285
1.0,-1.0,0.09472856650844186,-7.901123239360219
-0.07919589961027262,0.3630664413805731,0.10232908240465077,0.10312728708434493
0.7380259510809783,-1.0,-0.5493358972411888,-6.3787777673621235
0.641624161029037,0.05310137880322774,-1.0,-1.6618073792164036
0.2527945796439097,-0.525480225733091,-0.6658280991220873,0.4487146984545376
-0.07693264179297032,0.9914522510075465,0.3269695890669213,7.031838886956845
1.0,-0.6387581755266221,0.4042240809461557,3.2263483189259343
-1.0,0.357475915047911,-0.007061541597243481,-3.7534383198857846
-0.1130591853108982,-1.0,0.6260603182720128,0.10316731079901498
0.8522405284588079,1.0,-0.3771443756703501,12.723677152158496
0.9936114176457418,-0.16915792729961443,0.17302525206412445,4.585780626523361
0.9995344957730179,-0.3413008849117489,1.0,6.793647589807211
-0.03486456390586312,-0.4948701128216564,0.1987869460491587,0.7484806646319351
0.40836130450276786,-0.6854031981256548,-1.0,-8.88116711547035
0.3329046050430029,0.09207514346768697,0.4116815186043177,0.8166701393113736
-1.0,-0.211043692352318,-0.117862778429215,-3.2303680035432363
-1.0,-0.03621501867168697,-1.0,10.791486210515298
-0.12386014955575231,-0.8673862179913485,1.0,-3.680391233565027
0.3348200170948903,-0.65609876172422,0.6506287342426007,0.03799682945466909
0.2773109576031487,-0.039396957283415635,0.529529367898069,0.5856741030731514
-0.6249439089623416,-0.06884045566624475,-0.6439160290920696,0.3047274863501741
1.0,-0.1164757735786699,-1.0,7.287577133091518
-0.6745510244484665,0.6413443963708689,0.3035421849961797,-2.2952729024740623
-1.0,0.9703387923442017,1.0,15.495248888058807
-0.08669369004875649,0.10191806523039038,-0.3321979610705055,0.48064570274598295
-0.4438797084954138,-0.1431963948301893,-0.8146425975235916,0.1115425761544051
-1.0,0.301420084962859,0.6054379889438342,-4.602984194795862
-0.5365132743498631,-1.0,-0.007257341016763785,4.149152151700229
0.27369771619392114,-0.08637205095997635,0.7640821643739848,0.10496653518597343
-0.1839900031620736,1.0,0.6559178025801284,8.55382884314838
-1.0,-0.3814706592645243,0.5269140282231124,-0.6949679872939196
0.01137190063212734,-0.3579440358283603,-0.4016978562669613,1.0319395491403365
0.8259257822315464,0.6717802522537197,0.7356932599111008,7.418816863790087
0.10046839944409935,-1.0,0.10858988410149695,2.036687242729261
-0.5835541592571833,-1.0,-0.6967536427836936,-0.5662366760141184
0.33535429614853807,-1.0,-1.0,-20.179565549285723
-0.21152904618725898,0.6494360161722808,-0.5646527329475401,-0.28599572562673314
1.0,-1.0,-1.0,-29.554838800396226
-0.32096575870950095,0.45162769951345916,-0.3407715034831471,-0.53623553851632
-0.038325848761100456,0.32712673104065204,0.22746692803774193,0.17803990959534044
1.0,-0.8866247567697934,0.765559715689387,-1.184304462867951
0.3926114667945013,1.0,0.3163881889176179,7.12940105084836
0.08558491879918417,-1.0,0.39723185764950664,1.1776563599481324
-0.6170972087906677,0.8073834511170228,-0.5148912843805398,-0.8866692669180307
-0.17631352291533253,-0.45895591089333276,-0.3559870070429312,1.0572235878100575
-0.262704738889703,0.3183494184246629,-1.0,-3.0133838708951552
0.5698003305578065,-0.3610221052791056,-0.7693253958283546,0.5255342159507255
-0.05329797127210645,1.0,-1.0,3.4608701221603386
-1.0,-0.09084976946593382,-0.5630839062068311,-1.3522502165556887
0.9417351783796457,0.3224155837442715,-0.2562288323774047,3.5955453233724834
0.3906529105506513,0.39518849761628205,-0.78720906530993,0.4529119580661889
-1.0,0.5156957530112349,0.32629696964668464,-4.422020175330045
-0.16558795254213843,-0.13526586240623617,-0.5543211628093512,0.7004188116438472
-0.7341184457735703,1.0,0.6241235576215689,3.595467872443209
1.0,-1.0,0.1749111766195457,-7.662724113277575
-0.8161903360198275,0.3843233276364528,0.08448734348403453,-2.885487736417936
1.0,-0.3145455289913244,-0.16643581319580303,4.199972184036573
0.4071433559230164,-0.21394223396893008,0.24987205642650534,1.0083834887572811
-0.7881770483688895,1.0,1.0,15.876040929308221
1.0,0.5680858481971485,0.9075862149803353,19.197901840427367
0.6882004287828405,-0.625399571705801,0.9545786508119121,-1.770049895520251
0.2837937556717687,0.2265926615622864,0.024754595416504266,0.8596541868954692
0.6996175798038697,-0.5434963489834832,0.5012077884074635,1.3097193373420792
0.1882690847210391,-0.15834042037921292,-0.11965666839716516,0.9475421080626876
0.2516734874233726,-1.0,0.2825906341317068,1.233826368303681
0.8451386729940791,-0.32044570945552286,0.38877063641040244,2.6183314077123163
1.0,-0.31254286699512046,-0.22847001509077414,4.275489247039518
1.0,-0.007579941850092586,-0.4790845381440214,4.812386822495716
-1.0,0.27051260296247803,1.0,3.6340723248115943
1.0,-1.0,-0.31832626306293976,-9.549656962617942
-0.8868382983650207,-1.0,1.0,11.56144496803804
-0.192122269265798,-0.19924541412059793,-0.46345231810612497,0.7574586341515599
0.4014537044933095,-0.9187651579286127,1.0,-5.673267422843871
0.6837883644292593,-1.0,1.0,-7.425207667241212
-0.32312114212643994,-0.5607902113097056,0.8145939521413927,0.2705975578215081
0.47398823324371886,0.2750044368794333,0.3282297027519583,1.2044803533280046
-1.0,0.23529659981747786,-1.0,14.145903219999319
0.3433804892103187,-0.5624132646269981,0.4562558451035956,0.5550793006398245
0.1932129086057066,-0.003971968487355149,1.0,-0.4750912237345153
0.9040908461625983,0.8295437243547215,1.0,19.678454669845312
0.5646440885361401,-0.4777660472140304,1.0,-2.728318193255584
-0.27223026059832756,0.8479549251013616,0.5143850360352427,2.4647674427833497
0.15837134345315063,-0.49961481844100053,-0.5176337545231291,1.000906661289096
0.9926101634049358,0.5495510284666019,-0.4365406589694991,5.107383097403851
-0.4970202726633288,1.0,0.7131011055934553,7.518614057280445
-0.8878918098807893,-1.0,-0.5211120831176761,4.79516800831955
1.0,0.3363581657160619,1.0,19.062559189431497
-0.5626973430042217,-0.929327257690689,1.0,-0.5427524237314474
-0.6483248524857541,1.0,-1.0,0.5171322626594552
0.51045623134041,0.13329978151582234,-0.09220291203032249,1.3258050396540315
-1.0,-1.0,0.23245609068657958,9.459672408831256
0.472846145923397,0.8302348012968708,-1.0,-1.1036362617474245
0.9486897596203536,1.0,0.2715157563713131,11.606325648331477
-1.0,0.2324545548548529,-0.13334870177087388,-3.596199157709729
-0.36166653053206743,-0.9549841946644817,0.9511728866875533,-2.6549065857466045
0.4178737771329599,-0.09830744802811187,0.46541838380701717,0.9067290485878678
1.0,0.14116590509860827,1.0,14.762622310772816
-0.9711574401846825,-1.0,-0.11565340462882134,7.055554146274037
1.0,0.1041319331820294,-0.23191767518264572,4.546294593069243
1.0,1.0,0.36311597091161896,13.793902965534791
0.5764845484383085,-0.35245934517261035,-0.5686618149072884,1.4368222253701393
-0.6549075895424716,1.0,1.0,16.033312693199214
-0.3230105591416852,-0.5614087029256853,0.4033643911381737,0.7487837929098198
0.49842794676914504,0.2617975142491067,0.351686276570113,1.279828017991937
-1.0,-0.27676167075456215,-0.9190035056996808,4.723819265382023
0.21982163055791548,-0.34156172408734364,0.8298135077680271,-0.5279682005477913
-1.0,0.25546486879847885,-0.2831657448201872,-2.7260904642778847
1.0,0.3461588396808035,-1.0,11.26728729497663
0.2983744583115644,-0.5862070820371377,-0.39652160881670584,1.1880218602324961
0.5510667843719035,-1.0,0.15081665061777594,-0.11063786962948896
-0.997206499252403,-0.4883748350923449,-0.3519772573051674,-1.00650026817189
0.4803008892108038,1.0,0.7916202724740504,8.44891088258128
-0.7498183687378108,0.2617249315658414,-1.0,2.894758669728456
0.12671637815968473,0.2545648015890405,0.7777292837505903,0.507860238960091
-0.4569778712140822,0.37814622125383046,-0.09358631996128741,-0.9645324122363754
0.2641106359711014,0.044826768451622145,0.19648409647237952,0.8143627250188155
0.1031815772228577,0.5928791962456421,0.20373845924758882,0.553288818663664
-0.6500636460577072,1.0,-0.1381819471733512,5.098329011198691
-1.0,-1.0,1.0,21.608705497664992
-0.03241717382325726,-0.557229596577653,-0.9419032230887734,-3.8353338747130437
1.0,0.6144400712116036,0.7876999251413961,15.636206776497527
-0.4243215875228523,-1.0,0.41968309236956514,2.6076953541305854
0.5544988219130942,0.39991202292261274,0.3404201150677584,1.504809310196288
0.11040781463433058,0.2298002812242479,1.0,0.9858179295984981
-0.6749496676565618,1.0,-0.6139848932148502,4.095146050429652
-0.7863635276367982,0.5417826193269608,0.7651971235298083,-1.591968509228686
0.20465281829959303,1.0,0.3137252227334375,7.355923716265598
-1.0,-1.0,-1.0,1.9489491974423676
0.9951880609551942,-0.9825831940635708,0.4045799935448313,-5.917943438029033
-0.13329368870597658,-1.0,1.0,-6.445334795469858
0.6499300677616981,0.20682024609166683,-1.0,-1.2147490058745847
0.03144441516282859,1.0,0.45791902920531813,7.6509081750122245
1.0,-1.0,0.5624122209924529,-6.818808020611058
-1.0,-0.17779818552321203,0.29896579856527516,-3.423314841434564
1.0,0.3859245046996951,0.8542822875988481,14.66432057475428
-0.15265843668952628,0.7225136309093403,0.44474521556351965,0.9065258875599687
-0.4644994997121983,-0.3482459151875481,1.0,0.8391268468633182
-0.0626892452341743,-0.9750561740803503,-1.0,-15.653213756127418
-1.0,1.0,0.15829596388039424,6.170177114984178
1.0,0.8438193698033047,0.49780447659890315,12.360513803044645
1.0,0.5207417415456936,1.0,23.01276703999159
0.9049377251144906,1.0,-0.4072553052865002,14.417135419327872
0.053089238349120604,-0.4925151982595013,0.7759990358277207,-0.3313634748168308
-0.061212445030927265,1.0,0.6571951883643645,8.611730470990864
0.43766359115233056,0.8964595439117626,0.06459434671138364,3.99300938992975
0.9388774179908856,-0.09163904509524912,-0.24277721981741296,3.3880054522944953
1.0,-0.05783549983408198,-0.31886626323194034,4.469453910860109
0.4902044767753948,-0.17248810824848437,-0.49485527483490044,1.4581671203853706
1.0,0.3759278205148999,-0.42302574807774485,4.806111664142172
-0.6851027244666039,-0.06133781377375791,-1.0,1.5640656010789844
-1.0,-0.11679788288992388,0.19108585415889645,-3.8799374223652467
0.6686157472602041,-1.0,0.5670897660659937,-1.47707862976746
-0.5056598369610805,-0.5603527103214407,0.5889450111270957,0.9302500318221998
0.09596806925628365,0.9819607474267105,0.8466644282920308,9.195835770491998
-0.052286763900444955,1.0,-0.07024796678365086,8.171943438255404
0.1751980509658888,-0.29279846017582556,-0.3499812508535012,1.1145924425000444
-0.7366985423791088,-0.008901495917687408,1.0,2.199542889965553
-0.09344260541869254,0.32968987554773177,-0.7229945430982065,-0.10393643939465846
-0.43810692865546463,-0.7603155343099604,-0.657362925685492,0.5544261550157701
1.0,0.14919125945375078,1.0,14.933266896321774
0.25999260787376155,0.7882751442509528,1.0,6.491430394609029
0.765848928354949,0.559620615690082,-0.5262154829500174,1.6371473203521743
-0.7886070468693416,0.3796575161997606,1.0,3.5717559369340526
-0.5014046602569073,0.21804809776281697,0.4884108957082365,-0.9383653549682842
0.11759496819744508,-0.16692603881121926,0.566769538620904,0.3146738905410884
0.9413835089832154,-1.0,-0.4841337406433257,-9.559391405387323
0.6509489769514212,-0.3207140069995644,1.0,-1.498422039304394
-0.4981424118530746,0.36105827914367117,0.08321135773016142,-1.186322123389206
-0.2910891252537888,-0.3684628918310091,-0.25510893578260774,0.86025575899654
0.17233052016575634,-0.5347874410135283,0.46768104575276914,0.4391746989391283
0.6279950841330006,-0.1370421879286985,-0.13138882426357834,1.597362549235037
-0.7252588354213618,0.6055385467551024,0.3533659526175328,-2.7101245423951132
0.36811198136863643,0.24265223073339914,0.8288964053133518,0.9157704486088762
1.0,-0.9597524812703195,-0.14935674494122875,-5.88034807964428
0.4607971226527532,0.7582084571996615,-0.6490436325617928,2.0279042381517955
0.1972728559189998,-0.9921305223220025,-1.0,-18.36931338666224
-0.7986431280918778,1.0,-0.23217341045095607,5.103203442268938
-0.15776407608810472,-0.5358730361096284,0.7845472712336063,-0.06865003501358036
-1.0,-1.0,-0.5310869002702463,4.747801743420014
-1.0,1.0,0.34686681435679256,3.687806813333431
-0.8890188235475533,0.931333953924872,-0.5948510172119157,3.791796405546427
-0.029288534139903177,1.0,0.6598649804099694,8.6046945611153
-0.6310107733064887,0.6272878856702244,-0.3611289785828862,-1.687960137943611
0.477607394260966,0.7331999776016196,-0.7551790518427637,1.4727602850924897
-0.16186793143494738,0.43729560955185276,-0.5585720710129032,-0.15067410204097298
0.1932454360684599,0.7907694304655999,1.0,6.572798125664537
-0.5984551402222689,-0.6140196979062835,-0.015161524231403378,1.5540978466062763
0.5879126527690881,1.0,1.0,10.898025335381691
1.0,-0.7348084618880779,1.0,1.5291406531386154
0.46127559421027353,0.9682705733434969,0.43965988365103614,5.935882545948649
-0.44138217130459534,-1.0,-0.3787579926851352,2.4925645348614625
0.3235870185644041,-0.27561993904559734,-0.23901911921207186,1.188655878005474
0.34958415176532176,-1.0,-0.7553158264673878,-6.961567801866405
0.06208981411220926,0.3244691514597844,-0.2148647429786117,0.4952693238169146
1.0,1.0,0.34189830169905844,13.767525909960195
1.0,0.5332362261457575,0.36630189682847014,8.933144256583224
0.6897554371908312,0.28710123965334544,0.6533458272708697,2.675461513660673
-0.4855728162100621,-0.8731219372237027,1.0,-0.8642593201888329
0.0795535619032115,0.06527580740616235,0.7363191733349355,0.1658938266179084
0.682607941886006,0.5035796014110858,-0.643459893849198,1.272916227117709
0.6834556365952411,0.606459993045622,0.13027976349932668,2.0398027114980657
-1.0,1.0,-0.8710044875868923,16.188227158443617
-0.054430625893359785,0.8738246770558442,-0.2272504327858964,3.2038378372063328
-1.0,0.2673511584316841,0.647142886900353,-4.300997484425652
0.2966836483248778,-0.4553706043814778,0.5832627771602552,0.333598340172198
-0.4812942715469779,0.36428409881311863,-0.41320795231343976,-0.8883386495648207
-0.6829753758652428,-0.6639068603762603,-0.6094633767267152,1.7923388939769702
0.09931567033833977,0.10312992343725669,0.3235834663282282,0.4706868544279095
0.5090665293458283,-0.1219448636149163,0.16745338000641663,1.2819160994461223
-0.8425403452842262,0.4282764408386992,0.03125566787049894,-2.9523619819991014
-0.23424453838971693,-0.29059319485741986,-0.5916479575349294,0.7424969237989323
0.024761564535058955,-0.3418520145839654,-0.28639772672602093,1.0061623236313677
0.7632209224628643,0.5485699092310896,-0.3487409298594466,1.6937255739486097
0.36952485159768367,0.7292985327034991,0.12246341663178861,1.50284948286414
-0.1905583023991564,-1.0,-0.33287542199015285,1.8810869264226902
0.168800100067918,0.32270935972163994,-1.0,-3.084234976118519
-0.7857947497627273,1.0,-0.13926911690514387,4.843602546299463
-1.0,-0.1342628239183905,0.5322163872495191,-2.916144117203465
-1.0,0.39324996203940543,1.0,4.33958032738061
0.3857469687474424,-0.43362437296078715,-0.12949346977696163,1.1747049073135567
-0.5299415837450572,0.4635547401473312,1.0,3.7219099533323705
-0.4114431755003267,-1.0,0.7075210786152053,0.6391622186047758
0.09986059396161817,0.028264368369419257,1.0,-0.11956593090756495
0.6192526284125095,0.47958228732778463,0.9857790000943956,5.268245162345359
0.19949810028853232,-0.3029748961291707,-0.5040841132998088,1.1279446940787718
0.003314945668837943,0.007822594487423729,-1.0,-2.93341477542955
-0.7682625028961363,-0.22217242490348665,0.40850004248403504,-0.6272682137628571
1.0,-1.0,0.7485265019370979,-6.889424665116785
-0.08966964667340505,0.4808817287677676,-1.0,-3.72290540197913
0.540566516440147,-0.02925912342488246,0.8759721502837183,0.4845484423489752
0.5404780641379727,-0.8437733883032832,0.09087022214729523,0.8416907365318842
-0.5792317293505407,-0.15189708527308987,-0.17498643332607533,-0.07219348127472225
-0.04557890818204258,-0.8895349353250508,0.33640912139057044,1.443646178104025
0.4500086927241107,1.0,0.9258759577249964,9.502941480030081
0.6683448649957855,0.8854899048144769,1.0,11.01850911490977
-0.36573681271776715,-0.508582175765723,-0.7098102746356709,0.35439098474575736
0.2997564005110813,-0.45019541363092985,1.0,-2.5845843484796784
-0.3641893552947122,-0.5933610528236095,-1.0,-4.519496950121642
-0.9793901535529681,-1.0,-0.5036973147527233,5.050456256152426
-0.6300531078644322,0.6614488602573745,-0.4807628459785098,-1.6797624882977455
1.0,-0.812393002921419,-1.0,-8.664101353615099
0.29887814030268145,0.21888035164904807,-0.29958964746566963,0.9743663217502427
-0.3528866895682965,-1.0,1.0,-5.037390672941291
-1.0,0.33718933666797657,0.318048895515632,-4.826426958910987
0.32330211976945167,-0.22415768461664554,-0.4778866667203461,1.2631759183573856
0.9720790443614997,-1.0,0.530706590907728,-6.26216229056357
1.0,0.2828050638332489,0.6526552515384718,9.763483604306378
0.08714297481027389,0.2261745949914442,0.04764519837784342,0.518617126453214
-1.0,-0.010079266036653989,1.0,3.61389031585688
-0.45195562211655727,1.0,0.3972534721891918,6.017366660178119
-0.5323102238757436,0.7089041125663209,0.46565781061342615,-0.8753511310320685
0.22434550313675738,0.5287039268710858,0.087425500436217,0.6777441871852168
0.7585900087951356,-0.9025426011261553,0.7302478822202803,-1.1071745200435292
1.0,-0.2577368038710284,-1.0,5.7417715163583605
-1.0,-1.0,-1.0,1.9489491974423676
0.5507399125447756,0.45088442844650367,0.38302985075758955,1.5480365000712726
0.23046872515629424,1.0,0.961178215624346,10.389903022337892
0.8500254430480765,0.6109174809081981,0.03380221118340887,3.4383658675544657
-0.2822961846812304,-0.42840932740677284,-0.5009491147456857,0.9408260070407246
0.05325548222179988,-1.0,-0.08555211177355271,2.2058691326138735
-0.7486248498907508,-0.9834707262920619,0.43889521451046143,5.429217715511579
-0.20116588441933403,0.7748912471649458,-0.05560756027876179,0.8753559140762879
0.02823034384967782,0.13246061163989453,0.15672507696710802,0.42546973249648135
-1.0,-0.03918019693276187,0.3428819936073675,-4.07180373977406
0.19257992586444028,0.19851331679934225,-1.0,-2.9086560822849084
-1.0,-0.082155946914793,-0.615919259415777,-0.8034993520170022
0.4203566306306741,1.0,0.30694159917754127,7.115202549500262
-0.08856275631934718,-0.06811012792049942,-0.331139486113893,0.6725434356084172
-1.0,0.5005818289876074,1.0,5.369292958839077
0.24084093049773436,-1.0,1.0,-7.053917641411042
0.38751857887076246,-0.2149394405155043,-0.7613431673333522,0.6660242977530539
0.2973637181465536,-0.16066169496803306,0.05480654811233521,0.9718439558696432
0.547617670838517,-0.12686848210251034,-0.38469630986082737,1.515013658730318
-0.15591161721564317,-0.5879175170394799,1.0,-1.2149159741961406
-0.05687712085477248,1.0,0.41908690550657335,7.582052561452146
-0.03614046810530036,0.33636560977420715,-0.41219535758745196,0.3260862220226852
0.6303462468088117,-0.2567188899262949,-0.7039609991719344,1.3647147161262434
-0.8329037688862957,-0.8669480276425201,0.9935028681703371,7.955773538109376
-0.3909214364583731,-1.0,-0.7256801387116647,-3.0339288974645626
0.47574704162747206,-0.6238317274056175,-0.3680396030228337,1.2212559842666146
-0.8340715284388049,-0.24792417385028176,-0.48812537397977884,0.0855427750806621
0.386981138779684,0.1755518482942411,-0.33023333853427106,1.1359935725418726
0.7110831549805572,0.9618538544582802,-0.8335708487749616,10.959102798625391
0.6871427217390216,-1.0,0.825567667741776,-3.2722147230289647
1.0,0.42193852046165103,-0.8227091772616113,8.278071010045378
-1.0,0.2005647380613751,0.7315774456545323,-3.380750821138049
0.13794537857112643,0.45681677128550047,-0.6325400121716422,0.4477356936863095
0.1722976905046265,-1.0,0.017584001744246125,1.9040244934391968
1.0,-1.0,1.0,-9.736506048766433
0.27717397690894385,-0.9304247155809184,1.0,-5.799089422754001
0.1585816787495562,-1.0,0.7089463986637772,-1.0778491931787837
-1.0,-1.0,0.7373411321020211,16.234893651074565
0.867670945648757,1.0,0.007663325528139309,10.232326416864543
-0.4042079118103652,0.7845856512044393,-0.03932380130103419,0.1692943945400729
-0.9933540717265519,-0.22729803868298992,-0.5181544794727153,-1.5139176722855918
-0.31458497564040355,-0.2652905773217671,-1.0,-2.6502701425810544
-0.7612795872597102,-0.3687402048169486,0.6112280116502167,0.5994951743486658
0.08720151891450234,0.3680942709914963,1.0,1.983250097443755
0.028214490412046045,-0.11797534041739643,0.6126962811471364,0.19238817081986603
-0.36654940885543863,-1.0,0.43728148319560023,2.2576330153695596
1.0,-0.255026421136173,-1.0,5.773706337550546
-0.9738758392591498,-0.1398622448398048,0.595703483098607,-2.122110604481361
1.0,1.0,1.0,26.304728208907903
0.9107518440565747,-1.0,-0.7657172193519552,-14.594875952220324
-0.44438886512528497,-0.41532634705786275,-0.669168115171602,0.709986458398324
0.7332231142930299,0.5056407258217275,-0.7499999631162702,1.549184801791874
-0.11317465313211206,-0.6105286063671032,0.19375795383746497,0.9635741839022052
-0.3148308104561435,0.37525769283805754,0.29570374277916756,-0.5411841584089565
1.0,0.055457586951907833,-0.031045747464334195,4.799172789677296
-1.0,-0.21823635376956885,-0.4084004176999301,-2.269222782953208
0.14268712476348777,0.24973318411885082,0.4722510262481976,0.46865207425648725
-0.8220847947946615,-0.6235068982685106,-0.26776944974638806,1.8443377056330832
-1.0,-0.7443246906945735,0.6220192232195394,6.680738490164771
-1.0,-0.43899104085066454,-0.23836351591189042,-1.6447851720154585
-0.8832180434049461,0.18474076764717395,0.3188666378968972,-3.2554791186394247
0.47020623609464685,-0.561844226257189,0.2324548251450087,0.9331350957632396
-1.0,0.3060272991896327,0.24860123792706368,-4.718080002892841
-1.0,-0.7958187312252076,-0.8294778406232783,2.2694761463456237
1.0,0.12759650300871805,-1.0,9.524484083559747
0.989784625897262,0.9333165868209983,0.7781965765691727,16.967931136337796
1.0,-0.6413385094083399,-0.24377560621000205,3.2036605368468996
-0.11765667515909528,0.3127796062245498,-0.12228808815910996,0.11728557005457185
0.5039191682069475,1.0,0.5843604596683338,7.32197307695628
-0.4442973087242994,0.761709338607534,0.6258379284987146,0.8549287177805978
-0.5506662053622264,-0.37607195606860433,0.7796411247355495,0.6558612969976885
1.0,-0.14169777006587836,-0.3454042219239515,4.512601088488955
-1.0,0.10789797595107209,-1.0,12.530393623064207
-0.10967190256282011,0.1347534569998996,0.29004224897529296,0.13283480788422564
1.0,0.8138534512024775,0.9099325204920894,21.99915901192726
-0.0819550019823494,-0.21999010354605653,1.0,-0.4782650195929863
-0.1654159355082785,1.0,-0.48405817963499187,8.737634040905387
-0.26506028043990315,-0.0891526168714134,0.01344194668541343,0.2256856032555743
0.3824638584754627,-0.6859182755645756,1.0,-3.77096629226813
1.0,0.6649537572075543,0.416952657263691,10.204885020026847
0.003287943824753725,-1.0,0.20915698528385018,2.068019959995857
1.0,-0.6173740505538883,-0.22122536322324038,3.3452915710734206
-1.0,0.5249115319601745,0.49926441863093873,-4.796099348749408
-1.0,0.605972373967846,-0.2941848616080833,-0.005196990661803014
-0.28377402868525237,-0.9256737767196748,0.26091217417526624,2.3649224986945754
-1.0,-0.6564792004752771,-0.097586409091861,0.7319490809786986
-1.0,-0.7472194950155613,0.8628438960328666,10.848597393980413
-0.14340823311402162,1.0,-0.20362713490213458,8.30499376772185
-1.0,-0.019992693347614443,-1.0,10.981112997009184
-0.5073028895247276,0.7440725657327003,-0.15505653808643816,-0.7223210053839382
0.47673852350803636,-0.3088299771970815,1.0,-2.157425508419652
0.09198027067469661,-0.7626090925810567,-0.23813164720593627,1.5491810099552836
0.7755606115438887,1.0,0.19390668162118674,8.249121118978461
0.7375848918869023,0.7962723108797476,0.15662194424108278,3.4112112746905394
-0.2287542572394181,-0.015562661034014713,-0.5932664198818007,0.4596775078932547
1.0,0.5868484687013882,-1.0,13.906510058766642
-1.0,0.7427090309562583,1.0,9.40259952558321
1.0,-0.8986350163075336,0.4681588979672704,-1.9054650304614924
-0.22015251453000628,-1.0,0.6528650757305567,0.18812444099426573
-0.942077772573984,-0.009161063279947701,-0.23821448541952805,-2.488532605834446
0.38613798112198383,0.9703557225387487,0.4885465316750832,6.129563080377052
0.16482051069014636,1.0,0.8849226090462434,9.939737883376807
-0.5071298507938005,0.6417569519797126,0.2992775671522798,-1.2515037678432765
-0.002596161682850928,-1.0,0.048474789245250616,2.3877306380572585
1.0,-0.4086214928819103,0.41852815327894666,4.6026468077514044
1.0,-1.0,-0.9401273542798252,-24.54773857418795
-0.3249826325224592,0.042802732020475576,0.465585677412935,-0.21912578917335157
0.2167451209435467,-0.48600634966318057,0.4228177898154639,0.5294678845356822
0.30905919478493327,0.30589368526500427,-0.4758224349016358,0.9429319763622863
1.0,-0.10417820542730061,-0.1649803376306873,4.380502155281786
-0.9034255664276569,0.31725996143236834,0.08648703152853532,-3.4098665872816456
-1.0,0.5195326302453771,0.2755298986261818,-4.210409981608566
0.3045591437277393,-0.6214986011931001,0.03835592934241494,1.0629419685585675
-0.5110566842301965,0.22714547862871926,-0.9531122507947551,-0.9832582468858346
0.24861336639827192,-0.8909087653367631,-1.0,-13.596777954350918
-0.028501108701156186,0.44709428500326287,0.05393732526053907,0.19320314831868357
-0.304738373011477,-0.49222857646720763,1.0,-0.14614566282634556
0.5256725204569912,0.6636589589983537,0.3497881675854513,1.745040641112888
-1.0,0.8697638163714427,0.598168103735208,-1.7655550708035834
1.0,0.16605535736329857,-0.23545982905594243,4.616638893960207
-1.0,0.36125006417102234,-0.16730106545209678,-2.9334061265854467
0.08737122237384143,0.24906833381517313,-0.5955819685346562,0.6203566132088505
-0.08851297680107129,0.18968112127069237,1.0,1.1007017847642957
-0.8381778428625173,0.3109107363396746,-1.0,5.904613514945976
-1.0,-0.036458868303246295,0.3798394373822276,-4.016826757312197
0.19874625967785575,-0.4538374541529717,0.07486857760777488,0.9029807000349186
-0.3005907946204942,0.7405001581046884,-1.0,-4.398471563962833
0.6682919720386256,0.24354110801803497,0.08088938164500648,1.8084758277666857
0.3246086827651946,0.5873080967978095,-0.34604119689772816,0.9357886270284586
1.0,-1.0,-0.7595100849742977,-15.699801623507412
0.6257271872113768,1.0,-0.5565157835676695,11.730083695919593
1.0,-0.7998335329978168,0.006013916703311972,0.5130746106446304
-1.0,0.1836303613699457,0.42617848607706077,-4.724523542424111
0.6473949326950292,-0.9077893868871401,-0.38336310428843223,-0.7325594563136484
-0.9779210479967984,-0.9887114742077154,-0.05568188145558839,7.150699495393667
-1.0,0.5053896175821557,0.20193743588349755,-3.9718738122100747
-0.002459637912039403,-1.0,-0.2833313144583971,1.6869378163979245
1.0,-0.4931071308293391,0.09244421721926122,3.7197004686457706
-1.0,1.0,-0.2076337604303613,10.138280439947732
0.9026661439796464,-1.0,-0.3482915728275189,-7.542449936481976
-0.9553233712628577,-1.0,1.0,17.196456972250566
-0.8876969792663492,-1.0,-0.03008621945611778,6.811303841911895
0.33303865436388524,0.44387729758747896,0.16926592261247797,0.8489516608675858
-1.0,1.0,-0.44771687008088157,11.61859681266704
-0.001420118081603139,0.15265710704806912,0.2077840043098511,0.3421210320622661
1.0,0.2563289757541287,0.5723601713157664,8.725820706279219
-0.8126214675690395,-1.0,0.800403896979444,7.428355502385308
0.4057870958920071,0.5527490153943417,-1.0,-3.0632728585427493
0.272113284683845,0.4033379410442923,0.3754058180806623,0.7383104562324321
-0.024407696723388383,-0.34811379584704705,0.025821934089185872,0.769769427107412
0.7557243987727829,-1.0,0.3963652042692831,-2.3697297805679494
-0.2675667233238086,-0.3978001820084953,0.3319066333770637,0.47751861641746385
0.198347589218691,0.5117256503369176,0.8149683916357473,1.6463183671779003
1.0,0.9771175945834092,0.906678975225562,21.865958105364168
-1.0,0.8007712131064251,-0.35185118512407887,3.768978012949098
-1.0,-1.0,0.452755310686934,11.786984377238385
-0.39870629030025695,0.39802343288361297,0.6704947365622951,-0.3702252582797829
0.5517095802942689,-0.3658331910047219,-0.3500953615447744,1.4576556670925656
-0.20588414050942916,0.7929682668784455,0.8778089232210167,5.00310119079051
0.07759273397998956,0.868483264208123,-0.5233780250068825,3.630905013675309
-0.20749184152364997,-0.386513725129469,1.0,-0.37843815782446955
0.4158358228018493,-0.21208136132341737,-0.4420674428713689,1.361598964717835
0.17554593747723835,0.25647029476700034,-0.2168692182512384,0.7379122959749582
0.1719124873508282,1.0,0.8144014826277985,9.283371634902567
-1.0,-1.0,-0.0732574645290478,7.337719087963907
0.5102650351432114,-1.0,0.040061723489071666,0.182834687637337
-0.5925955590922964,-0.4002621658424437,-0.48939537907194985,1.0105245914744532
-0.6047257386463036,0.40662221159308576,-0.11953609459221903,-1.5927195718907363
-0.9743065012049683,-1.0,0.8780068051591265,16.972994972727623
0.19266203250288094,0.4574530885592809,0.6449176470054749,0.8849700802206413
-0.5422976162625468,0.7771080826822536,-0.2893679426811624,-0.6202296808808754
-0.08209143458809653,0.8948844254393271,-1.0,-1.7380894331472483
-1.0,-1.0,0.2055170992872586,9.230699596897988
-0.5913161981529134,-0.7541373612737987,-0.6368004820957596,1.425201416340658
0.3327793314402796,0.922927124830454,-0.0859329854219737,5.02390986011649
0.955645307915231,1.0,0.010006430125297339,12.557663356142482
-0.250742485732772,1.0,-1.0,1.9971002625867476
0.6855276520555349,-0.443862557825458,0.3336444388054556,1.4641396799783304
-1.0,-0.7301010422808536,-0.3054549979487624,1.6067024817785476
-0.9741027882737114,0.25674797259966,-0.38646514650379404,-1.9442429886764456
0.014426808771607291,-0.8182483051546101,1.0,-3.6970830080627852
-0.08124802427948952,0.3370678597967238,-0.3300256962104611,0.22270349560005376
-0.5980866962939586,-0.8096988902788378,-0.6941307853256167,0.9715954821570985
0.05872779704238318,-1.0,-1.0,-17.884200200128767
0.47009662707922817,0.6153631350668396,-0.8287458430725636,0.2914506741431415
0.28694935154814516,0.8089338589798742,0.26929690902287917,2.2022450078079787
-0.8287132699688509,-1.0,0.11601789375548077,6.479197742940752
1.0,-0.8608653392196595,-0.924325955174774,-7.93675414682188
0.7732588301973446,-0.17952916877415115,1.0,1.0301931801630917
1.0,0.9603995441893158,0.46113824145638893,13.386158177788253
0.4539491670415372,-0.339060664060276,0.5322374279712672,0.7665715776215329
-0.01760021878340501,-0.9221934708928445,-0.2577174116212202,1.971095295258581
0.7153990196364481,-1.0,-0.009248094252383154,-2.2951086802802694
-1.0,-1.0,-0.5850772712225467,4.372757936325995
-1.0,-0.8812008031830576,1.0,18.249803044156213
0.13951536389251773,-1.0,-0.9822977492420699,-17.140535938546773
0.6409517322072313,-0.21909757484103753,-1.0,-3.184738519185956
-1.0,-1.0,1.0,21.608705497664992
-1.0,-0.20821367619010345,0.8220781131965487,0.4844956436842196
0.3361840318253213,-0.6769079918607803,1.0,-3.6534262331948115
-0.005079232734572781,0.7941282220493324,-1.0,-3.4067519260594423
1.0,0.15789528690391497,-0.5025707541277815,4.84387902809019
0.16960274453055302,0.38363328873612224,0.6668553374264072,0.7182178628427343
-1.0,0.09389680306742743,0.7026044553053332,-3.188036159480183
-0.31421689134311026,0.5707483061018148,-1.0,-3.9871256112356033
-0.6732259294585425,0.06890588125453512,0.43422915105666116,-1.32366925582307
1.0,-1.0,-0.6274527414873994,-12.60660743473367
0.0481632112773831,1.0,-0.5215642176216113,9.873605203394517
-0.4643226732258061,-1.0,0.4414855328331575,2.7235141373587393
-0.48627338475302917,-0.019736153574845705,0.8931795913232969,0.3212828769109928
-1.0,0.4523779803446042,0.14650119041965226,-4.001982412948933
0.2039028980460753,-0.2661868151739466,0.8566807904604017,-0.5631866474843261
-0.37269166213947136,0.19549618323562812,0.46436678631374684,-0.5088222760098402
0.8406909041117623,-0.31832131676517506,0.24001166947980113,2.454207829861298
-0.6127396374598282,-0.6746126085871438,-0.6238175608838388,1.4939075805661037
-0.3131507450160669,-0.7224651545545899,0.22717667042660294,1.4681623577383502
-0.3302438919559343,0.6903517943956616,-0.6233767257914995,-0.7849065822966375
1.0,1.0,0.9912261846600472,25.787758213443563
0.13327131463615216,0.08129198178316788,0.3428621221020114,0.5173133993734182
-1.0,-0.10056641564970437,-0.1383664894668699,-3.5641595029785247
0.031029556904857536,0.7086234405460365,0.7921960565793076,2.822943398918861
-0.05793930131978242,-0.5421115029317485,-0.09790030114262893,1.1101331604574418
0.11209997059758403,-0.8985642126384146,0.43629651116186663,0.8728389620157253
0.6756704194494518,-1.0,0.5727902729774446,-1.555214679255228
1.0,-0.16432321775374015,-0.39162057631007285,4.620933453480442
-0.5812687017021154,-1.0,-0.572359090153175,1.4340523461685515
-0.25441504168094187,-0.09328363076477997,1.0,0.387075640123129
0.6124028703361188,-0.4537100541868859,-0.65505239904206,1.0929543449134935
0.5058509752403713,0.6885559869507651,0.43554372335890856,1.949145960061881
0.3635749332478113,-0.10960022819634196,-0.015368649407482948,1.0996217537831539
-0.13892764272738956,-0.4416538252005475,-1.0,-4.341035222649561
-0.8214422902683749,-0.020007260498023482,1.0,2.671651404394386
1.0,0.8183682046544429,-0.051078616599992355,8.801358399484197
-0.35617890766048155,1.0,0.026335053243802475,6.817363600616966
-1.0,1.0,0.40920477157044943,2.910562260387384
0.3172748169156596,-0.6128027183291869,0.5628097746929717,0.3085474976565603
1.0,-1.0,-0.8580057357734352,-19.60020099753324
0.05499323169182513,-0.5256211239896489,-0.9729033853829305,-4.680306909772342
0.24963353107632757,-0.8929689202634008,-1.0,-13.683321950962846
0.42924996034337815,0.4426114431646575,-0.35589467771620775,0.9912719465243098
0.06766051989840638,-0.4915318892013374,-0.6890275644450277,0.3082299035018097
0.04315299833260089,-1.0,-0.7243581829658747,-4.864787594930659
0.18873080858921365,-0.04532706080108939,-0.49615278727997114,1.0675794032022594
-1.0,0.9706258795737828,-0.3197536778718624,9.380399617637362
1.0,-0.07430501049678795,1.0,10.601000636142015
-0.6536012899434769,0.18334208081875536,-1.0,0.832885437235015
-0.48666386110009463,-0.5310821722095358,0.3677411241346582,0.8209808227518778
-0.4334001002499095,-1.0,1.0,-4.174003906472324
0.14088561278566414,-0.6131194380685805,0.7345886393739993,-0.32767460587378583
0.2078976415473197,0.32331971461733433,-0.37600940169273045,0.77407977546879
-1.0,-0.7096665885752325,-1.0,4.715488818049098
-0.8025859825312038,0.6644506949836648,-0.5840511273209057,-1.1483770825970554
-0.2800812350017361,-0.19010713678472735,-1.0,-2.5919989986826533
-0.3390169451103584,0.11274395851134278,0.26093596250042705,-0.3226396302425538
0.2929498350291937,0.8143254678215404,0.033785437347612746,2.2923336378598775
-1.0,0.5102037389393781,-1.0,17.546514633242253
0.046189145415236776,0.3894720250985282,0.6787237193274547,0.5608631361305654
-0.6250834817383282,0.3880215647450629,-0.4576812488061279,-1.315656205952457
-0.10228553471089996,-0.5994768228025287,-1.0,-5.97799526226658
0.2834160841707447,0.6981669562306152,-0.05642190968071903,1.218810196010554
-0.008452848425847481,0.24458686629182091,-0.30441454567556403,0.45748576086186277
-1.0,-1.0,0.022727640348742417,7.911242308199773
-0.124609211345444,-0.2517434243600354,0.3629816304929594,0.3597951792756229
0.2567442434039158,1.0,0.18205759603658822,7.522847587477146
-0.4343875134779185,0.23414063752686776,0.9725679776274918,1.495917859322017
-0.033669415282325366,-0.9511306904831913,-0.03088650954120764,2.3868987079137023
-0.20255185937170217,1.0,-0.43355428870702917,8.469031060214574
-0.15544319741582746,0.09416358788240808,0.7832690270614902,0.06340400026066906
-0.964482869256196,-0.5637085475795034,-1.0,5.164929059441542
0.8188712213445004,-0.6613590550347723,0.04560492052256926,1.3450247089803515
0.9422768185897372,0.21084932980067594,0.5272800876257053,6.151693976747249
-0.29263648758574834,1.0,-0.5286867050634683,7.787539094650768
-0.6559088616051185,1.0,0.7757429585372528,6.746898360240637
0.02192641715999044,-1.0,-0.17542667951939328,2.094788444570294
0.7078066210408589,-0.845088188703442,-1.0,-14.352883581507044
-1.0,-0.6566294159800554,-0.9121429286309919,2.940649844026618
0.3068026210711665,-0.25925646832717697,0.21691602149821754,0.8691483464768743
0.6316005415574613,1.0,1.0,11.383731823253024
0.7330484049249522,-0.21035822246682834,0.6826276636988731,1.8992399593281775
-1.0,-1.0,-1.0,1.9489491974423676
0.7612365529146541,-0.23158221050443228,1.0,0.3883641015095769
0.9510758650259699,-0.3744482412098895,0.6121316309648681,4.260161574014239
1.0,-0.7837595694103852,-0.22266729409712527,1.084227976225801
-0.7736162958968125,0.6338655006804823,-1.0,2.307806124150602
-0.9237249612374665,-0.2717822579358946,1.0,4.57884519463831
-1.0,-0.021068762057751655,1.0,3.6545862733297563
-1.0,0.012043122083608804,0.45341901283775154,-4.0684611544704
-0.549566581909217,0.30630341188434396,1.0,2.5625257867830378
-1.0,-0.3073091218236399,-0.6858895492583064,-0.13571606510195
0.8329936865437173,0.41970960506381094,1.0,10.534562117837577
0.01655662581568218,1.0,0.12003398054997882,7.728449905791238
0.4969110412088007,1.0,-0.4548154876119479,10.660627726590864
-0.16899818959685575,0.15678659617057344,0.5662538825178234,-0.022420440844040268
0.08073545985524189,-0.016563888694428153,-0.3206639336901207,0.8463592315784316
0.6569621453940171,-0.09398574946536531,-1.0,-2.2179928091029932
-1.0,-0.3637602773108004,0.37110986732338946,-1.7263577611695253
-1.0,0.3560956790148968,1.0,4.075997802110442
0.0073977303702019714,-0.7952591944723422,-0.8239334609331674,-3.3359074312400026
0.7646526062064252,-0.2822449025601592,0.36132543855206256,2.0719298652098708
0.5326678539319052,1.0,-0.8527334833008102,11.403502385266686
0.6929419811409756,1.0,-1.0,11.67922539956624
0.42388532924382827,-1.0,-0.04788765582287313,0.7239794121987222
-1.0,-0.6347335839989299,-1.0,5.179065778498726
0.21070196003911779,0.7247172644704993,0.504367286154741,1.7120844605852443
-0.2379385249304804,1.0,-1.0,2.100179670818237
0.08542846452950914,0.328837459441899,-1.0,-3.1727549879126693
0.2967417833184185,-0.04081180607616197,0.6886871927991938,0.3738079585668257
-0.0677278919823856,1.0,0.6491160164711158,8.559628470098275
-0.6865686077688362,-1.0,-0.6487763754971367,1.4629749017286229
-0.09051210912274565,1.0,-1.0,3.2103526330280525
1.0,-0.9126648614230586,-0.7443242816362159,-6.346721142049351
-0.44303570791146707,1.0,1.0,15.717405214224794
0.38413962582686345,0.5140954269079832,1.0,3.561806487240123
-0.4170062039072262,1.0,0.34243073147883196,6.212538244546603
0.07748754960153525,-0.10584786397250001,-1.0,-3.19088678354841
-0.017673418239255945,1.0,0.4021199796742547,7.558903661276519
0.9464687535516076,0.3763478249021881,-0.2914162848823263,3.6650142297299273
-0.6529829263345606,1.0,-0.9457115690584204,1.231782766465061
0.5098010684144012,1.0,-0.9042607795230087,10.397125406961944
-0.890969418555507,-0.21064390942018063,-0.4992485514928182,-0.3755403203007184
-1.0,-0.6531371155187178,0.1370583872748783,1.180169680577373
0.071254459242176,-0.05804291043803178,0.04350778222439011,0.6561296905822778
